VIEWS (累計),,,,,,,
videoId,title,2026/02/27,2026/02/28,2026/03/01,2026/03/02,2026/03/03,2026/03/04
1IcGWyihrd4,推しカメラ｜S.YUSEI ( 佐野 由征 )｜新世界 (SHINSEKAI),16713,17175,17983,18597,19061,19495
1KTN1_xkq2U,推しカメラ｜YOHAN ( ヨハン・エマニュエル )｜新世界 (SHINSEKAI),9782,9978,10349,10594,10924,11139
1yvnDxKfe8M,推しカメラ｜KOSEI ( 河合 晃誠 )｜新世界 (SHINSEKAI),8801,9045,9600,10034,10322,10663
2MeG8_Z1S8A,推しカメラ｜RYUJI ( 杉山 竜司 )｜新世界 (SHINSEKAI),40897,42258,45511,47808,49908,51850
2zpxOKnYea4,推しカメラ｜RINTO ( 大瀬 凜和 )｜新世界 (SHINSEKAI),32115,33132,35398,37138,38483,39898
3S4rPGIlpL8,推しカメラ｜S.AYUMU ( 篠ヶ谷 歩夢 )｜新世界 (SHINSEKAI),30742,31409,32902,34014,35112,36068
3XAP0wH5loU,推しカメラ｜KANADE ( 多比 奏聖 )｜新世界 (SHINSEKAI),9529,9862,10471,10962,11406,11831
3jm_RWI2C5Q,推しカメラ｜H.RIKUTO ( 鳩場 陸人 )｜新世界 (SHINSEKAI),9816,10191,10841,11277,11609,11856
4W6WbskLGa0,推しカメラ｜TOKIYA ( 藤芳 辰弥 )｜新世界 (SHINSEKAI),9442,9643,10354,10804,11158,11483
5GWa__uMQmI,推しカメラ｜S.SORA ( 佐藤 碧空 )｜新世界 (SHINSEKAI),13778,14152,14995,15589,16015,16487
7YCCf_Tflrk,推しカメラ｜TOMOKI ( 増田 倫希 )｜新世界 (SHINSEKAI),15668,16072,17003,17626,18093,18548
8EL5GT1bhO8,推しカメラ｜KEISUKE ( 髙松 敬祐 )｜新世界 (SHINSEKAI),9894,10186,10736,11107,11435,11772
8Ln3307W1fI,推しカメラ｜TETORA ( 北林 天虎 )｜新世界 (SHINSEKAI),11407,11723,12298,12801,13209,13569
8h5sT6Vdf-w,推しカメラ｜SHINSUKE ( 宮崎 真佑 )｜新世界 (SHINSEKAI),11524,11955,12878,13454,13964,14412
Ao1uRXYI0Xc,推しカメラ｜JUNSEI ( 金安 純正 )｜新世界 (SHINSEKAI),14147,14517,15397,16056,16637,17083
AwEnQ-v8aPw,推しカメラ｜HYUGO ( 岡田 彪吾 )｜新世界 (SHINSEKAI),14000,14370,15272,16075,16652,17268
AzgqsS8Q7sI,推しカメラ｜RIKUYA ( 甲斐 陸也 )｜新世界 (SHINSEKAI),18027,18466,19343,20030,20714,21275
BSI2_y7fJuM,推しカメラ｜SHINJI ( 岩城 慎二 )｜新世界 (SHINSEKAI),30950,31886,34064,35603,36855,38020
BnsoDOBqpJc,推しカメラ｜ARCHER (アーチャー・ウイ)｜新世界 (SHINSEKAI),26165,27024,29031,30482,31859,33123
EwzQ189ifg0,推しカメラ｜JAEYONG ( ユン・ジェヨン )｜新世界 (SHINSEKAI),13097,13484,14273,14937,15235,15637
FCFL6ESO0Po,推しカメラ｜GOTEN ( 倉橋 吾槙 )｜新世界 (SHINSEKAI),77418,79849,85793,90207,93941,97539
FmrScq4yl9s,推しカメラ｜DONGMIN ( カク・ドンミン )｜新世界 (SHINSEKAI),22615,23201,24461,25357,26094,26955
G3s72NneCf4,推しカメラ｜ISSA ( 柳谷 伊冴 )｜新世界 (SHINSEKAI),26847,27551,29157,30639,31714,32832
GmrhouOIMFs,推しカメラ｜HIROTO ( 瑞慶覧 太都 )｜新世界 (SHINSEKAI),14581,14965,15759,16331,16813,17256
H6qGS9XuuYs,推しカメラ｜TERU ( 森井 輝 )｜新世界 (SHINSEKAI),12402,12731,13552,14043,14663,15117
HStIgFVSWbk,推しカメラ｜Y.SHU ( 山下 柊 )｜新世界 (SHINSEKAI),26342,27102,28955,30291,31252,32226
J3je6xZCeac,推しカメラ｜KOSUKE ( 照井 康祐 )｜新世界 (SHINSEKAI),190222,197176,214535,227866,239458,250873
J4t-xvcbYHE,推しカメラ｜RYOTA ( 石田 亮太 )｜新世界 (SHINSEKAI),24923,25461,26623,27489,28202,28991
JV0QHp__inc,推しカメラ｜HIJIRI ( 堀尾 聖 )｜新世界 (SHINSEKAI),14737,15122,16012,16588,17046,17579
JyjjPI3Iyrs,推しカメラ｜KO.REN ( 小清水 蓮 )｜新世界 (SHINSEKAI),76202,77429,80424,82309,84027,85460
L5Yt1EEXMc0,推しカメラ｜ADAM (アダム・ナガイ)｜新世界 (SHINSEKAI),17031,17405,18260,18812,19407,20045
MdLqJ4Xmv94,推しカメラ｜GIUSEPPE ( 小笠原 ジュゼッペ 慧 )｜新世界 (SHINSEKAI),22668,23231,24487,26030,27448,28637
N0LgUzwBCbw,推しカメラ｜MUSASHI ( 山根 武蔵 )｜新世界 (SHINSEKAI),14305,14642,15476,16013,16483,16890
O8aXfjZLFRs,推しカメラ｜OSUKE ( 土田 央修 )｜新世界 (SHINSEKAI),105986,108890,115640,120504,124650,128480
PQ84cC2O668,推しカメラ｜I.RIKUTO ( 今江 陸斗 )｜新世界 (SHINSEKAI),30742,31876,34502,36527,38148,39416
WG4eXYOzoWg,推しカメラ｜SEITA ( 香月 誠太 )｜新世界 (SHINSEKAI),9742,10068,10663,11053,11353,11646
WKyBa1y1Qg4,推しカメラ｜AJU (中丸 晏寿)｜新世界 (SHINSEKAI),49095,49745,51160,52148,53088,53996
Wr1T3XZaMus,推しカメラ｜K.DAIKI ( 加藤 大樹 )｜新世界 (SHINSEKAI),229980,236484,251759,262378,272404,282096
Y2m5KyT-Urs,推しカメラ｜KOTARO ( 浅香 孝太郎 )｜新世界 (SHINSEKAI),23996,24599,26221,27422,28431,29432
YgW7qk66rPM,推しカメラ｜FUMA ( 櫻井 楓真 )｜新世界 (SHINSEKAI),20314,20992,22329,23394,24168,25036
Z6HJMylF99g,推しカメラ｜TOWA ( 濱田 永遠 )｜新世界 (SHINSEKAI),36007,36967,39366,41167,42537,43801
ZbMxZ1fdMss,推しカメラ｜KEIJIRO ( 関 敬次郎 )｜新世界 (SHINSEKAI),12033,12572,13335,13866,14301,14784
_-UTuO_Pt8s,推しカメラ｜HYEONSEUNG  ( ユ・ヒョンスン )｜新世界 (SHINSEKAI),22979,24144,26568,28316,29925,31438
_0GBcTryUUc,推しカメラ｜SOTA ( 東野 蒼汰 )｜新世界 (SHINSEKAI),11093,11414,12120,12572,13182,13518
_EfRiH3VTkg,推しカメラ｜YUTA ( 板倉 悠太 )｜新世界 (SHINSEKAI),20156,20508,21915,22885,23622,24351
_jb_Y72TZkw,推しカメラ｜N.SHU ( 西﨑 柊 )｜新世界 (SHINSEKAI),22029,22529,23674,24511,25204,25997
aTxh_EZmJvk,推しカメラ｜YURA ( 安部 結蘭 )｜新世界 (SHINSEKAI),185678,190006,200331,207805,214237,220306
arJf7pFWbfY,推しカメラ｜WEIZE ( リー・ウェイゼ  )｜新世界 (SHINSEKAI),10318,10584,11130,11512,11823,12101
c9Jok7Pi6h4,推しカメラ｜KYOHEI ( 髙谷 京平 )｜新世界 (SHINSEKAI),21595,22211,23316,24086,24833,25506
cz6Zd7LJ5LI,推しカメラ｜TATSUYA ( 南平 達矢 )｜新世界 (SHINSEKAI),34037,34736,36166,37187,38013,38759
czFWcHCz9Ws,推しカメラ｜RIKU ( 神元 理丘 )｜新世界 (SHINSEKAI),9762,10053,10694,11192,11566,11995
edn9p-U6cy4,推しカメラ｜K.TAKUTO ( 熊部 拓斗 )｜新世界 (SHINSEKAI),25803,26694,28644,30281,31774,33101
eu2HYEH-_3A,推しカメラ｜KEITO ( 小野 慶人 )｜新世界 (SHINSEKAI),162130,166345,175730,182118,187931,193359
f7DrhGXmwVc,推しカメラ｜RYOGA ( 飯塚 亮賀 )｜新世界 (SHINSEKAI),102901,105515,111255,115214,118823,122330
fcmtCbc14o0,推しカメラ｜O.YUSEI ( 大林 悠成 )｜新世界 (SHINSEKAI),35760,36778,39040,40704,42122,43433
fdWh02OyNr4,推しカメラ｜KAIMU ( 宇野 海夢 )｜新世界 (SHINSEKAI),23340,24122,25890,27327,28467,29661
h8X7DKtdIWg,推しカメラ｜SENA ( 澤井 星名 )｜新世界 (SHINSEKAI),31474,32214,34108,35553,36905,38009
hDriFr5Y2Z4,推しカメラ｜RICKEY ( チェン・リッキー )｜新世界 (SHINSEKAI),28462,29096,30451,31445,32241,32840
jFUcO9yuBPg,推しカメラ｜KANAME ( 横山 奏夢 )｜新世界 (SHINSEKAI),92547,97169,108964,117928,126038,133702
jiLT8Id6efk,推しカメラ｜M.TAKUTO ( 宮里 拓利 )｜新世界 (SHINSEKAI),17174,17552,18779,19512,19986,20500
k1wuvdlgjhg,推しカメラ｜TAKUMI ( 金倉 拓未 )｜新世界 (SHINSEKAI),15227,15616,16557,17196,17826,18470
ku93OCxMl9c,推しカメラ｜JUNGUK ( シン・ジョンウク )｜新世界 (SHINSEKAI),7178,7370,7845,8171,8486,8748
lqwMInaKlqw,推しカメラ｜SIYOUNG ( パク・シヨン )｜新世界 (SHINSEKAI),68700,72681,81999,88411,94036,98955
nDoUaPR09vk,推しカメラ｜TRISTAN ( アギナルド・トリスタン・ジェームス )｜新世界 (SHINSEKAI),16112,16383,17043,17515,17935,18220
nKSalNXm5uc,推しカメラ｜KENTO ( 西山 賢人 )｜新世界 (SHINSEKAI),10569,10914,11499,11949,12322,12833
nP2TWc7nuLk,推しカメラ｜U.RUI ( 上野 琉偉 )｜新世界 (SHINSEKAI),22963,23511,24899,25979,27000,27902
niDOkd7PGGY,推しカメラ｜M.TAIGA ( 松田 太雅 )｜新世界 (SHINSEKAI),21187,21925,23622,24818,25790,26838
oGdBhX804T0,推しカメラ｜SHINHAENG ( オ・シンヘン )｜新世界 (SHINSEKAI),28187,28681,29956,30884,31616,32298
oQt5JAjRfJc,推しカメラ｜AOM ( オム・スアンカワーテン )｜新世界 (SHINSEKAI),11311,11538,12135,12557,12917,13279
pWrsL1bSCpg,推しカメラ｜YUMA ( 岡田 侑磨 )｜新世界 (SHINSEKAI),36751,37694,39921,41593,42904,44084
r1XBBYbrsOA,推しカメラ｜F.TAIGA ( 藤牧 大雅 )｜新世界 (SHINSEKAI),85100,88061,95205,100971,106415,111723
tDxHMiThRBA,推しカメラ｜JAY ( ジュアン・ジェイ )｜新世界 (SHINSEKAI),29249,30145,32189,33713,35075,36343
u5F3piRdSiY,推しカメラ｜CHISATO ( 小林 千悟 )｜新世界 (SHINSEKAI),85836,89223,97161,103400,109225,114810
vG3C3jORTDM,推しカメラ｜MAKI ( 田中 蒔 )｜新世界 (SHINSEKAI),98927,100861,104990,107922,110383,112694
varwYsASawE,推しカメラ｜YUKI ( 後藤 結 )｜新世界 (SHINSEKAI),145517,148268,154307,158138,161290,164174
wuErIFwAjg4,推しカメラ｜RYUGA ( 岡戸 竜芽 )｜新世界 (SHINSEKAI),10647,10939,11632,12336,12752,13097
xNQxHaIfV24,推しカメラ｜EITA ( 末川 瑛太 )｜新世界 (SHINSEKAI),22689,23348,24830,26059,27117,28254
xTL2gWsYDSE,推しカメラ｜H.REN ( 堀野 蓮 )｜新世界 (SHINSEKAI),15786,16216,17299,18185,18990,19782
xfB2eC_AFGM,推しカメラ｜JINICHIRO ( 丸尾 尋一郎 )｜新世界 (SHINSEKAI),14384,14774,15587,16091,16557,17083
xnmPwUkdQt4,推しカメラ｜K.EITO ( 金田 栄都 )｜新世界 (SHINSEKAI),10329,10541,11030,11329,11683,12005
xrBXF-brdHU,推しカメラ｜JOE ( 河邊 晟 )｜新世界 (SHINSEKAI),8210,8426,8920,9357,9691,10021
y7ziO1gsTtU,推しカメラ｜YOSHIKI ( 矢田 佳暉 )｜新世界 (SHINSEKAI),58046,59856,64367,67975,71190,74495